chunk_id,source_id,category,sub_category,topic,question,tags,source_confidence,chunk_index,chunk_total,text
1,1,Industry Overview,General,Creative Arts Legal Framework,What is the main law governing Ghana's creative industry?,"creative arts act, law, regulation, policy",High,0,1,"Category: Industry Overview | Sub-category: General | Topic: Creative Arts Legal Framework
The Creative Arts Act 2020 (Act 1048) is Ghana's landmark legal framework that regulates the creative arts industry. It established the Creative Arts Council of Ghana as the apex regulatory body and created a legal foundation for industry coordination and policy."
2,2,Industry Overview,General,GDP Contribution,How much does Ghana's creative sector contribute to GDP?,"gdp, economy, employment, youth",Medium,0,1,"Category: Industry Overview | Sub-category: General | Topic: GDP Contribution
Ghana's creative industry contributes an estimated 2–4% of GDP. Exact figures vary and should be verified with the Ghana Statistical Service. The sector is one of the top employers of youth aged 18–35 in urban areas."
3,3,Industry Overview,Key Sub-Sectors,Music,What music genres are prominent in Ghana's creative industry?,"music, highlife, hiplife, afrobeats, gospel, drill, genres",High,0,1,"Category: Industry Overview | Sub-category: Key Sub-Sectors | Topic: Music
Ghana's prominent music genres include Highlife (foundational genre from the 1920s–70s), Hiplife (Highlife + Hip-hop hybrid from the 1990s), Afrobeats (Ghana style), Gospel, Afropop/Afro-fusion, and Drill/Trap (growing urban genre)."
4,4,Industry Overview,Key Sub-Sectors,Film,What is Ghallywood?,"ghallywood, film, television, nfa, cinema",High,0,1,"Category: Industry Overview | Sub-category: Key Sub-Sectors | Topic: Film
Ghallywood is Ghana's film and television industry. It encompasses TV drama production documentary filmmaking and animation. It is regulated by the National Film Authority (NFA)."
5,5,Industry Overview,Key Sub-Sectors,Fashion,What fashion and design sectors exist in Ghana's creative industry?,"fashion, design, kente, ankara, ready-to-wear, textiles",High,0,1,"Category: Industry Overview | Sub-category: Key Sub-Sectors | Topic: Fashion
Ghana's fashion sector includes Kente weaving, Ankara fashion, and contemporary ready-to-wear. Key textile traditions include Kente (Ashanti/Ewe), Adinkra cloth (Akan), Smock/Fugu (Northern Ghana), and Batik & Tie-dye."
6,6,Industry Overview,Key Sub-Sectors,Visual Arts,Who are notable visual artists from Ghana?,"visual arts, el anatsui, ablade glover, painting, sculpture, photography",High,0,1,"Category: Industry Overview | Sub-category: Key Sub-Sectors | Topic: Visual Arts
Notable Ghanaian visual artists include El Anatsui (internationally acclaimed sculptor known for metal tapestries) and Ablade Glover (renowned painter). The visual arts sub-sector includes painting sculpture photography and printmaking."
7,7,Industry Overview,Key Sub-Sectors,Comedy,Who are prominent Ghanaian comedians?,"stand-up, skit",High,0,1,"Category: Industry Overview | Sub-category: Key Sub-Sectors | Topic: Comedy
Prominent Ghanaian comedians include DKB (Derrick Kobina Bonney), OB Amponsah, and Clemento Suarez. The comedy sub-sector includes stand-up comedy, skit-making, and theatre performance., comedy, DKB, OB Amponsah, Clemento Suarez"
8,8,Industry Overview,Key Sub-Sectors,Dance,What dance forms are part of Ghana's creative industry?,traditional dance,High,0,1,"Category: Industry Overview | Sub-category: Key Sub-Sectors | Topic: Dance
Ghana's dance sub-sector includes Azonto (popular urban dance form), Afrobeats choreography, and traditional dance forms. Notable figure: Incredible Zigi, an internationally recognized Afrobeats choreographer., dance, azonto, afrobeats, choreography, Incredible Zigi"
9,9,Industry Overview,Key Sub-Sectors,Digital Content,Who are notable Ghanaian digital content creators?,"digital content, youtube, tiktok, wode maya, kwadwo sheldon, content creation",High,0,1,"Category: Industry Overview | Sub-category: Key Sub-Sectors | Topic: Digital Content
Notable Ghanaian digital content creators include Wode Maya (travel/culture YouTube channel with 2M+ subscribers), Kwadwo Sheldon (YouTube commentary), Ama Governor (lifestyle), and KSM (satire). TikTok Ghana is the fastest-growing platform for youth creators."
10,10,Industry Overview,Creative Hubs,Accra,Why is Accra Ghana's dominant creative hub?,"accra, creative hub, studios, east legon, osu, tema",High,0,1,"Category: Industry Overview | Sub-category: Creative Hubs | Topic: Accra
Accra is Ghana's dominant creative hub for music film fashion digital content and comedy. Studios are concentrated in East Legon Osu and Tema. It hosts major industry events and most leading record labels production houses and fashion designers."
11,11,Industry Overview,Creative Hubs,Kumasi,What is Kumasi known for in Ghana's creative industry?,"kumasi, kente, bonwire, akan arts, traditional crafts",High,0,1,"Category: Industry Overview | Sub-category: Creative Hubs | Topic: Kumasi
Kumasi is known for Kente weaving (especially Bonwire village), Akan arts, visual arts, and fashion. It is Ghana's second-largest city and a major centre for traditional crafts and heritage arts."
12,12,Industry Overview,Creative Hubs,Tamale,What creative industries are strong in Tamale?,"tamale, northern arts, smock, fugu, cultural festivals, traditional",High,0,1,"Category: Industry Overview | Sub-category: Creative Hubs | Topic: Tamale
Tamale is known for Northern traditional arts smock (fugu) weaving and cultural festivals. It represents Ghana's northern creative heritage and traditional textile production."
13,13,Industry Overview,Creative Hubs,Cape Coast,What is Cape Coast's role in Ghana's creative scene?,"cape coast, heritage tourism, visual arts, academic, cultural preservation",High,0,1,"Category: Industry Overview | Sub-category: Creative Hubs | Topic: Cape Coast
Cape Coast is known for heritage tourism, visual arts, and its academic creative community. It is home to institutions that contribute to creative education and cultural preservation."
14,14,Institutions,Government,Creative Arts Council,What is the Creative Arts Council of Ghana?,"creative arts council, regulatory body, act 1048, policy, coordination",High,0,1,"Category: Institutions | Sub-category: Government | Topic: Creative Arts Council
The Creative Arts Council of Ghana is the apex regulatory body established under the Creative Arts Act 2020 (Act 1048). It oversees industry coordination and policy across all creative sub-sectors."
15,15,Institutions,Government,National Film Authority,What does the National Film Authority (NFA) do?,"national film authority, film regulation, ghallywood, distribution",High,0,1,"Category: Institutions | Sub-category: Government | Topic: National Film Authority
The National Film Authority (NFA) regulates film production distribution classification and exhibition in Ghana. It is the primary regulatory body for Ghana's film industry (Ghallywood)., NFA"
16,16,Institutions,Government,GHAMRO,What is GHAMRO?,"music rights, royalties, copyright, collective management",High,0,1,"Category: Institutions | Sub-category: Government | Topic: GHAMRO
GHAMRO (Ghana Music Rights Organisation) is Ghana's collective management organisation (CMO) for music copyright. It handles royalty collection and distribution on behalf of music rights holders., GHAMRO"
17,17,Institutions,Government,Copyright Office,What is the Copyright Office of Ghana?,enforcement,High,0,1,"Category: Institutions | Sub-category: Government | Topic: Copyright Office
The Copyright Office of Ghana (COSG) operates under the Ministry of Justice. It handles intellectual property (IP) registration and enforcement for all creative works in Ghana., copyright office, COSG, intellectual property, IP registration"
18,18,Institutions,Government,Ghana Tourism Authority,How does the Ghana Tourism Authority relate to creative industries?,"tourism, cultural tourism, creative industries, heritage",High,0,1,"Category: Institutions | Sub-category: Government | Topic: Ghana Tourism Authority
The Ghana Tourism Authority (GTA) intersects with creative industries through cultural tourism. It promotes Ghana's cultural heritage and creative output as part of the tourism sector., GTA"
19,19,Institutions,Government,GEPA,How does GEPA support Ghana's creative industry?,"export, fashion export, crafts export, trade fairs",High,0,1,"Category: Institutions | Sub-category: Government | Topic: GEPA
The Ghana Export Promotion Authority (GEPA) supports the export of creative products including fashion and crafts. It provides assistance with export documentation and trade fair participation for creative entrepreneurs., GEPA"
20,20,Institutions,Music Labels,Lynx Entertainment,What is Lynx Entertainment?,music,High,0,1,"Category: Institutions | Sub-category: Music Labels | Topic: Lynx Entertainment
Lynx Entertainment is one of Ghana's most commercially successful record labels. It is home to top artists including Kuami Eugene and KiDi., Lynx Entertainment, record label, Kuami Eugene, KiDi"
21,21,Institutions,Music Labels,Highly Spiritual Music,What artists are signed to Highly Spiritual Music?,,High,0,1,"Category: Institutions | Sub-category: Music Labels | Topic: Highly Spiritual Music
Highly Spiritual Music is a Ghana record label home to artists including Medikal and Fameye., Highly Spiritual Music, record label, Medikal, Fameye"
22,22,Institutions,Music Labels,3 Music Networks,What is 3 Music Networks?,"media, music awards",High,0,1,"Category: Institutions | Sub-category: Music Labels | Topic: 3 Music Networks
3 Music Networks is a Ghanaian media and music awards company. It organizes the annual 3Music Awards which recognize achievement across Ghana's music industry., 3 Music Networks, 3Music Awards"
23,23,Institutions,Film,Sparrow Productions,What is Sparrow Productions?,"film production, cinema",High,0,1,"Category: Institutions | Sub-category: Film | Topic: Sparrow Productions
Sparrow Productions is one of Ghana's oldest and most prolific film production companies. It has been a cornerstone of Ghallywood's production history., Sparrow Productions, Ghallywood"
24,24,Institutions,Film,Ananse Studios,What is Ananse Studios?,contemporary,High,0,1,"Category: Institutions | Sub-category: Film | Topic: Ananse Studios
Ananse Studios is a contemporary Ghanaian production house focused on quality storytelling. It represents the new wave of Ghanaian film production prioritizing production value and narrative quality., Ananse Studios, film production, storytelling, Ghallywood"
25,25,Institutions,Fashion,Christie Brown,Who is Christie Brown (Aisha Ayensu)?,international,High,0,1,"Category: Institutions | Sub-category: Fashion | Topic: Christie Brown
Christie Brown is a Ghanaian fashion label founded by Aisha Ayensu. It is internationally recognised and has been shown at New York Fashion Week (NYFW) and London Fashion Week (LFW)., Christie Brown, Aisha Ayensu, fashion, NYFW, LFW"
26,26,Institutions,Fashion,Studio 189,What is Studio 189?,artisanal,High,0,1,"Category: Institutions | Sub-category: Fashion | Topic: Studio 189
Studio 189 is an Accra-based ethical fashion and arts platform co-founded by Rosario Dawson and Abrima Erwiah. It promotes African artisanal production and supports Ghanaian creative communities., Studio 189, ethical fashion, accra, Rosario Dawson, Abrima Erwiah"
27,27,Institutions,Guilds,Ghana Actors Guild,What is the Ghana Actors Guild?,"actors, film, television, professional association",High,0,1,"Category: Institutions | Sub-category: Guilds | Topic: Ghana Actors Guild
The Ghana Actors Guild (GAG) is the professional association representing actors in Ghana's film and television industry. It advocates for the rights and professional development of Ghanaian actors., Ghana Actors Guild, GAG"
28,28,Institutions,Guilds,MPAG,What is the Music Producers Association of Ghana?,"music producers, guild, professional association",High,0,1,"Category: Institutions | Sub-category: Guilds | Topic: MPAG
The Music Producers Association of Ghana (MPAG) is the professional guild representing music producers. It advocates for producers' rights and professional standards in Ghana's music production industry., MPAG"
29,29,Music Industry,Genres,Highlife,What is Highlife music?,,High,0,1,"Category: Music Industry | Sub-category: Genres | Topic: Highlife
Highlife is Ghana's foundational music genre rooted in the 1920s–1970s. It features guitar-led brass-infused arrangements. Legends include E.T. Mensah Amakye Dede and Daddy Lumba. It is considered the cornerstone of Ghanaian musical identity., highlife, E.T. Mensah, Amakye Dede, Daddy Lumba, genre, Ghanaian music"
30,30,Music Industry,Genres,Hiplife,What is Hiplife music?,"hip-hop, highlife fusion, 1990s",High,0,1,"Category: Music Industry | Sub-category: Genres | Topic: Hiplife
Hiplife is a Ghanaian genre that blends Highlife with Hip-hop. It was pioneered in the 1990s by Reggie Rockstone and defined a generation of Ghanaian popular music. It served as a bridge between traditional Ghanaian sound and global hip-hop culture., hiplife, Reggie Rockstone"
31,31,Music Industry,Artists,Sarkodie,Who is Sarkodie?,international,High,0,1,"Category: Music Industry | Sub-category: Artists | Topic: Sarkodie
Sarkodie (Michael Owusu Addo) is one of Ghana's most celebrated and internationally recognised rap artists. He is a multiple VGMA winner and has collaborated with international artists. He is widely regarded as Ghana's greatest rapper., Sarkodie, rap, VGMA, Ghanaian music"
32,32,Music Industry,Artists,Stonebwoy,Who is Stonebwoy?,,High,0,1,"Category: Music Industry | Sub-category: Artists | Topic: Stonebwoy
Stonebwoy (Livingstone Etse Satekla) is a Ghanaian dancehall and Afropop artist and multiple VGMA winner including Artiste of the Year. He has an international following and has performed on global stages., Stonebwoy, dancehall, afropop, VGMA"
33,33,Music Industry,Artists,Shatta Wale,Who is Shatta Wale?,,High,0,1,"Category: Music Industry | Sub-category: Artists | Topic: Shatta Wale
Shatta Wale (Charles Nii Armah Mensah Jr) is one of Ghana's biggest music stars known for dancehall and Afropop. He has a massive domestic fanbase (SM Nation) and collaborated with Beyoncé on the Lion King: The Gift album., Shatta Wale, dancehall, Beyoncé, Lion King, SM Nation"
34,34,Music Industry,Artists,KiDi,Who is KiDi in Ghana's music industry?,,High,0,1,"Category: Music Industry | Sub-category: Artists | Topic: KiDi
KiDi (Dennis Nana Dwamena) is a Ghanaian Afropop/highlife artist signed to Lynx Entertainment. He is known for hits blending contemporary Afrobeats with Highlife influences and has won multiple VGMA awards., KiDi, Lynx Entertainment, afropop, highlife, VGMA"
35,35,Music Industry,Distribution,Streaming Platforms,What streaming platforms are most popular for Ghanaian music?,"streaming, distribution",High,0,1,"Category: Music Industry | Sub-category: Distribution | Topic: Streaming Platforms
The most popular streaming platforms for Ghanaian music are Audiomack (dominant in Ghana) Spotify Apple Music and Boomplay. Audiomack has the strongest domestic penetration among Ghanaian listeners., Audiomack, Boomplay, Spotify, Apple Music"
36,36,Music Industry,Distribution,Radio,What radio stations are important for Ghana's music industry?,"radio, music promotion",High,0,1,"Category: Music Industry | Sub-category: Distribution | Topic: Radio
Key radio stations for Ghana's music industry include Joy FM, Hitz FM, Adom FM, and Zylofon FM. Radio play remains critical for domestic reach and breaking new artists in Ghana., Joy FM, Hitz FM, Adom FM, Zylofon FM"
37,37,Music Industry,Awards,VGMA,What are the VGMAs?,"music awards, annual",High,0,1,"Category: Music Industry | Sub-category: Awards | Topic: VGMA
The Vodafone Ghana Music Awards (VGMAs) are Ghana's premier annual music awards. They recognise achievement across all music genres and are considered the most prestigious music honour in Ghana., VGMA, Vodafone Ghana Music Awards"
38,38,Music Industry,Copyright,Royalties,How do musicians collect royalties in Ghana?,"royalties, copyright, piracy, streaming",High,0,1,"Category: Music Industry | Sub-category: Copyright | Topic: Royalties
Musicians in Ghana collect performance and broadcast royalties through GHAMRO (Ghana Music Rights Organisation). However piracy and digital monitoring gaps mean many artists receive less than their full entitlement. Streaming platforms also pay royalties directly to rights holders or their distributors., GHAMRO"
39,40,Film Industry,Artists,Jackie Appiah,Who is Jackie Appiah?,film,High,0,1,"Category: Film Industry | Sub-category: Artists | Topic: Jackie Appiah
Jackie Appiah is one of Ghana's most celebrated film actresses. She has starred in numerous Ghanaian and Nollywood productions and is regarded as one of West Africa's top screen talents., Jackie Appiah, actress, Ghallywood, Nollywood"
40,41,Film Industry,Artists,Majid Michel,Who is Majid Michel?,,High,0,1,"Category: Film Industry | Sub-category: Artists | Topic: Majid Michel
Majid Michel is a prominent Ghanaian actor known for his roles in Ghallywood and Nollywood films. He later became a Christian minister while maintaining his public profile as a cultural figure., Majid Michel, actor, Ghallywood, Nollywood"
41,42,Film Industry,Artists,Nana Ama McBrown,Who is Nana Ama McBrown?,,High,0,1,"Category: Film Industry | Sub-category: Artists | Topic: Nana Ama McBrown
Nana Ama McBrown is a Ghanaian actress and TV presenter. She is one of Ghana's most popular entertainment personalities known for her film work and hosting roles on television., Nana Ama McBrown, actress, TV presenter, Ghallywood"
42,43,Film Industry,Events,NFA Industry Forum,What is the NFA Industry Forum?,"film industry, policy, annual, stakeholders",High,0,1,"Category: Film Industry | Sub-category: Events | Topic: NFA Industry Forum
The National Film Authority (NFA) Industry Forum is an annual event where Ghanaian film industry stakeholders gather to discuss policy production standards regulation and the future of Ghallywood., NFA Industry Forum"
43,44,Fashion Industry,Textiles,Kente,What is Kente cloth?,traditional textile,High,0,1,"Category: Fashion Industry | Sub-category: Textiles | Topic: Kente
Kente is a woven silk and cotton fabric originating from the Ashanti and Ewe peoples of Ghana. It is primarily produced in Bonwire (Ashanti Region) and the Volta Region. It is worn at ceremonies graduations and state occasions and is a globally recognised symbol of Ghanaian and African identity., Kente, Ashanti, Ewe, Bonwire, Volta Region"
44,45,Fashion Industry,Textiles,Adinkra,What is Adinkra cloth?,traditional,High,0,1,"Category: Fashion Industry | Sub-category: Textiles | Topic: Adinkra
Adinkra cloth is a Ghanaian fabric printed with Akan symbols (Adinkra symbols) each carrying cultural meaning. It is used in mourning ceremonies and celebrations. Originally from the Bono people it has become a broadly Akan and pan-Ghanaian cultural textile., Adinkra, Akan symbols, mourning, celebration, Bono people"
45,46,Fashion Industry,Textiles,Smock,What is Smock (Fugu)?,"hand-woven, traditional",High,0,1,"Category: Fashion Industry | Sub-category: Textiles | Topic: Smock
Smock (also called Fugu) is a hand-woven fabric from Northern Ghana. It is popular in Tamale and across northern regions and has become a symbol of northern Ghanaian identity worn at cultural events and increasingly adopted by urban Ghanaians., Smock, Fugu, Northern Ghana, Tamale"
46,47,Fashion Industry,Events,Ghana Fashion and Design Week,What is Ghana Fashion and Design Week (GFDW)?,"fashion event, bi-annual",High,0,1,"Category: Fashion Industry | Sub-category: Events | Topic: Ghana Fashion and Design Week
Ghana Fashion and Design Week (GFDW) is Ghana's biggest fashion platform held bi-annually in Accra. It showcases both emerging and established Ghanaian designers and serves as the main runway event for the local fashion industry., GFDW, Ghana Fashion and Design Week, runway, Accra"
47,48,Fashion Industry,Designers,Ozwald Boateng,Who is Ozwald Boateng?,"tailoring, international fashion",High,0,1,"Category: Fashion Industry | Sub-category: Designers | Topic: Ozwald Boateng
Ozwald Boateng is a British-Ghanaian fashion designer and Savile Row tailor. He is globally recognised for his bespoke tailoring and serves as a brand ambassador for Ghanaian creativity in international fashion circles., Ozwald Boateng, British-Ghanaian, Savile Row"
48,49,Digital Creative,Social Media,TikTok,How is TikTok shaping Ghana's creative industry?,content creation,High,0,1,"Category: Digital Creative | Sub-category: Social Media | Topic: TikTok
TikTok Ghana is the fastest-growing social media platform for youth creators as of 2023 onwards. It has created new income streams for comedians dancers musicians and lifestyle creators. Brand partnerships and creator fund payments are emerging income sources., TikTok, social media, youth creators, Ghana"
49,50,Digital Creative,Animation,Leti Arts,What is Leti Arts?,digital media,High,0,1,"Category: Digital Creative | Sub-category: Animation | Topic: Leti Arts
Leti Arts is an Accra-based gaming and animation studio. It pioneered African superhero games and comics and is one of Africa's leading interactive media companies focused on African storytelling through digital games and graphic novels., Leti Arts, animation, gaming, African superheroes, Accra"
50,51,Digital Creative,Animation,Kugali Media,What is Kugali Media's connection to Ghana?,,High,0,1,"Category: Digital Creative | Sub-category: Animation | Topic: Kugali Media
Kugali Media is a pan-African animation and comics company with a Ghanaian co-founder. It partnered with Disney on the animated series Iwájú set in a futuristic Lagos. It represents Ghana's growing contribution to global animation., Kugali Media, animation, Disney, Iwájú, pan-African"
51,52,Digital Creative,Tech-Creative,iSpace Foundation,What is iSpace Foundation?,"innovation hub, tech-creative, startups",High,0,1,"Category: Digital Creative | Sub-category: Tech-Creative | Topic: iSpace Foundation
iSpace Foundation is an Accra-based innovation hub that supports hybrid tech-creative startups. It provides workspace mentorship and community for entrepreneurs at the intersection of technology and creative industries., iSpace Foundation, Accra"
52,53,Challenges,Piracy,Music Piracy,How does piracy affect Ghana's music industry?,"copyright, enforcement, streaming",High,0,1,"Category: Challenges | Sub-category: Piracy | Topic: Music Piracy
Piracy remains a severe challenge for Ghana's music industry. Physical and digital piracy reduces revenue for artists and labels. GHAMRO and the Copyright Office have limited enforcement capacity. However growing streaming adoption is gradually reducing physical piracy's impact., piracy, music industry, GHAMRO"
53,54,Challenges,Funding,Creative Arts Fund,What is the Creative Arts Fund?,,High,0,1,"Category: Challenges | Sub-category: Funding | Topic: Creative Arts Fund
The Creative Arts Fund is a government initiative to provide financial support to Ghana's creative industry. However disbursement has been inconsistent and many creatives have not accessed it effectively. Funding gaps remain a major challenge as banks do not recognise creative IP as collateral., Creative Arts Fund, funding, government, disbursement, IP collateral"
54,55,Challenges,Infrastructure,Cinema Screens,What infrastructure challenges face Ghana's film industry?,"distribution, electricity",High,0,1,"Category: Challenges | Sub-category: Infrastructure | Topic: Cinema Screens
Ghana has a limited number of cinema screens concentrated mainly in Accra. This restricts theatrical distribution for Ghanaian films. Poor road access to regional creative hubs and unreliable electricity also affect studio production and creative commerce outside major cities., cinema screens, infrastructure, Accra"
55,56,Challenges,Talent,Brain Drain,What is the talent drain issue in Ghana's creative industry?,,High,0,1,"Category: Challenges | Sub-category: Talent | Topic: Brain Drain
Brain drain is a significant challenge for Ghana's creative sector. Skilled creatives including musicians filmmakers designers and animators often migrate to the UK USA and Canada for better opportunities income and infrastructure. This weakens the domestic talent pool., brain drain, talent retention, migration, UK, USA, Canada"
56,57,Opportunities,Diaspora,Diaspora Market,How does the Ghanaian diaspora support the creative industry?,consumer base,High,0,1,"Category: Opportunities | Sub-category: Diaspora | Topic: Diaspora Market
Ghana's diaspora of 3 million+ people abroad represents a high-value culturally connected consumer base for Ghanaian music film fashion and crafts. Diaspora markets in the UK USA and Canada are primary export destinations for Ghanaian creative products., diaspora, export market, UK, USA, Canada"
57,58,Opportunities,Trade,AfCFTA,How does AfCFTA benefit Ghana's creative industry?,"distribution, export",High,0,1,"Category: Opportunities | Sub-category: Trade | Topic: AfCFTA
The African Continental Free Trade Area (AfCFTA) opens intra-African distribution channels for Ghana's film music and fashion. It allows Ghanaian creative products to reach other African markets with reduced trade barriers., AfCFTA, trade, intra-African"
58,59,Opportunities,Tourism,Year of Return,What was the Year of Return and its impact on Ghana's creative industry?,"diaspora tourism, 2019, investment, creative economy",High,0,1,"Category: Opportunities | Sub-category: Tourism | Topic: Year of Return
The Year of Return was a 2019 Ghanaian government initiative inviting the African diaspora to visit Ghana. It created lasting diaspora tourism and investment interest in Ghana's creative economy. Its legacy includes continued engagement from diaspora investors and consumers in Ghanaian creative products., Year of Return"
59,60,Opportunities,Policy,Creative Arts Act 2020,What opportunities does the Creative Arts Act 2020 create?,,High,0,1,"Category: Opportunities | Sub-category: Policy | Topic: Creative Arts Act 2020
The Creative Arts Act 2020 (Act 1048) provides a legal framework that if properly resourced can transform Ghana's creative sector. It establishes the Creative Arts Council formalises industry structures and creates mechanisms for funding regulation and international collaboration., Creative Arts Act 2020, Act 1048, policy, legal framework, Creative Arts Council"
60,61,Events,Music,3Music Awards,What are the 3Music Awards?,,High,0,1,"Category: Events | Sub-category: Music | Topic: 3Music Awards
The 3Music Awards is an annual Ghanaian music awards ceremony organized by 3 Music Networks. It recognizes achievements in music across multiple genres and is one of Ghana's most watched entertainment events., 3Music Awards, music awards, annual, 3 Music Networks"
61,62,Events,Fashion,Accra Fashion Week,What is Accra Fashion Week?,"designers, showcase",High,0,1,"Category: Events | Sub-category: Fashion | Topic: Accra Fashion Week
Accra Fashion Week is an annual fashion showcase held in Accra Ghana. It provides a platform for Ghanaian fashion designers to present collections and connects local designers with buyers press and industry stakeholders., Accra Fashion Week, fashion, annual, Accra"
62,63,Events,Music/Culture,Afrochella,What is Afrochella?,"diaspora, culture",High,0,1,"Category: Events | Sub-category: Music/Culture | Topic: Afrochella
Afrochella (rebranded as AfroFuture) is an annual cultural and music festival held in December in Accra Ghana. It celebrates African creative culture and features major African music artists. It has become a flagship event for Accra's creative scene and diaspora tourism., Afrochella, AfroFuture, festival, Accra, December"
63,64,Heritage Arts,Crafts,Bolga Baskets,What are Bolga baskets?,"handwoven, crafts, export",High,0,1,"Category: Heritage Arts | Sub-category: Crafts | Topic: Bolga Baskets
Bolga baskets are handwoven baskets made in Bolgatanga in Ghana's Upper East Region. They are crafted from elephant grass by local artisans using traditional weaving techniques. They are one of Ghana's most exported handicraft products popular in the UK USA and Europe., Bolga baskets, Bolgatanga, Upper East Region"
64,65,Heritage Arts,Crafts,Beadwork,What is Ghana's beadwork tradition?,"powder glass, traditional craft",High,0,1,"Category: Heritage Arts | Sub-category: Crafts | Topic: Beadwork
Ghana has a rich beadwork tradition particularly among the Krobo people of the Eastern Region. Krobo beads (Krobo powder glass beads) are handmade using recycled glass and are worn at festivals ceremonies and rites of passage. They are internationally traded as fashion accessories and collectors' items., Krobo beads, beadwork, Eastern Region"
65,66,Music Industry,Artists,Joe Mettle,Who is Joe Mettle?,music,High,0,1,"Category: Music Industry | Sub-category: Artists | Topic: Joe Mettle
Joe Mettle is a Ghanaian gospel music artist and VGMA Artiste of the Year winner. He is one of Ghana's most celebrated gospel singers with a strong domestic and diaspora following., Joe Mettle, gospel, VGMA, Artiste of the Year"
66,67,Music Industry,Artists,Medikal,Who is Medikal?,hip-hop,High,0,1,"Category: Music Industry | Sub-category: Artists | Topic: Medikal
Medikal (Samuel Adu Frimpong) is a Ghanaian rapper signed to Highly Spiritual Music. He is known for his distinctive rap style and is one of Ghana's leading contemporary hip-hop artists., Medikal, rapper, Highly Spiritual Music"
67,68,Music Industry,Artists,Fameye,Who is Fameye?,,High,0,1,"Category: Music Industry | Sub-category: Artists | Topic: Fameye
Fameye (Peter Famiyeh Bozah) is a Ghanaian Afropop artist signed to Highly Spiritual Music. He is known for his melodic style and breakthrough hit Nothing I Get. He has a strong following among Ghanaian youth., Fameye, Afropop, Highly Spiritual Music, Ghanaian music"
68,69,Digital Creative,NFTs,NFT Community,Is there an NFT community in Ghana's creative industry?,,Medium,0,1,"Category: Digital Creative | Sub-category: NFTs | Topic: NFT Community
Ghana has a small but active NFT community primarily artists using platforms like OpenSea Foundation and Rarible. The key challenge is regulatory uncertainty around cryptocurrency. The Bank of Ghana has issued cautionary advisories on crypto. Web3 education events including hackathons and workshops are growing in Accra's tech ecosystem., NFT, Web3, OpenSea, Rarible, cryptocurrency, Bank of Ghana"
69,70,Institutions,Music Awards,VGMA Categories,What categories exist in the VGMAs?,music awards,High,0,1,"Category: Institutions | Sub-category: Music Awards | Topic: VGMA Categories
The Vodafone Ghana Music Awards (VGMAs) include categories across all major Ghanaian music genres including Highlife Hiplife Afropop Gospel Reggae/Dancehall and more. Key headline awards include Artiste of the Year Album of the Year and Song of the Year., VGMA, categories, Artiste of the Year, Song of the Year, Album of the Year"
70,71,Film Industry,Distribution,Streaming Film,How are Ghanaian films distributed digitally?,cinema,Medium,0,1,"Category: Film Industry | Sub-category: Distribution | Topic: Streaming Film
Ghanaian films are increasingly distributed via digital platforms including YouTube Netflix (select titles) and local streaming services. However limited cinema infrastructure means many films go directly to digital and TV distribution bypassing theatrical release., streaming, digital distribution, YouTube, Netflix, Ghallywood"
71,72,Music Industry,Production,Studio Locations,Where are music studios concentrated in Accra?,music production,High,0,1,"Category: Music Industry | Sub-category: Production | Topic: Studio Locations
Music studios in Accra are primarily concentrated in the East Legon Osu and Tema areas. These areas host major recording studios mastering facilities and music production companies that serve Ghana's music industry., studios, East Legon, Osu, Tema, Accra"
72,73,Fashion Industry,Export,Fashion Export Challenges,What challenges do Ghanaian fashion designers face in exporting?,"fabric costs, textile manufacturing, challenges",High,0,1,"Category: Fashion Industry | Sub-category: Export | Topic: Fashion Export Challenges
Ghanaian fashion designers face high fabric import costs lack of local textile manufacturing at scale and limited export logistics support. GEPA provides assistance with export documentation and trade fair participation to help overcome these barriers., fashion export, GEPA"
73,74,Industry Overview,Policy,Ghana Beyond Aid,How does Ghana Beyond Aid relate to the creative industry?,"creative economy, government policy, foreign exchange, youth employment",High,0,1,"Category: Industry Overview | Sub-category: Policy | Topic: Ghana Beyond Aid
The Ghana Beyond Aid agenda is the government's economic self-sufficiency framework. It has identified the creative economy as a priority sector recognising that music film fashion and digital content can generate significant foreign exchange and youth employment without dependency on aid., Ghana Beyond Aid"
74,75,Music Industry,Events,University Shows,What role do universities play in Ghana's music scene?,"live music, university shows, artists",High,0,1,"Category: Music Industry | Sub-category: Events | Topic: University Shows
University shows at institutions like KNUST (Kwame Nkrumah University of Science and Technology) University of Ghana and the University of Legon are important live music events for Ghanaian artists. They provide significant performance revenue and are key platforms for breaking emerging artists to youth audiences., KNUST, University of Ghana, Legon"
75,76,Digital Creative,Education,Animation Education,Where can one study animation in Ghana?,gaming,High,0,1,"Category: Digital Creative | Sub-category: Education | Topic: Animation Education
KNUST (Kwame Nkrumah University of Science and Technology) and several Accra-based design schools offer animation programmes. These institutions are growing the talent pipeline for Ghana's emerging gaming and animation sector., KNUST, animation, education, design schools, Accra"
76,77,Institutions,Fashion,Pistis,Who is Pistis?,"fashion, contemporary, high-end",High,0,1,"Category: Institutions | Sub-category: Fashion | Topic: Pistis
Pistis is a high-end contemporary Ghanaian fashion label founded by Michael Amaning. It is known for sophisticated designs blending modern aesthetics with Ghanaian cultural influences., Pistis, Michael Amaning"
77,78,Institutions,Fashion,Mina Evans,Who is Mina Evans?,luxury,High,0,1,"Category: Institutions | Sub-category: Fashion | Topic: Mina Evans
Mina Evans is a Ghanaian fashion designer known for Afrocentric luxury fashion. The label blends African textile traditions with luxury ready-to-wear aesthetics., Mina Evans, fashion, Afrocentric"
78,79,Music Industry,Copyright,Digital Piracy Solutions,How is streaming helping combat piracy in Ghana's music industry?,"royalties, mobile data",High,0,1,"Category: Music Industry | Sub-category: Copyright | Topic: Digital Piracy Solutions
The growth of Audiomack Boomplay and Spotify has provided accessible legal alternatives to pirated music in Ghana. As smartphone penetration and mobile data access grow more Ghanaians are streaming music legally reducing (though not eliminating) physical piracy. This shift also helps artists earn verifiable streaming royalties., streaming, piracy, Audiomack, Boomplay"
79,80,Industry Overview,Creative Economy,Youth Employment,How does Ghana's creative industry employ young people?,"youth employment, urban, music production, film, fashion, content creation",High,0,1,"Category: Industry Overview | Sub-category: Creative Economy | Topic: Youth Employment
Ghana's creative industry is one of the top employers of youth aged 18–35 in urban areas. Young Ghanaians find work in music production film acting and directing fashion design social media content creation comedy and digital services. The sector provides flexible self-employment pathways outside the formal economy."
